{
    "eval_rouge-1": {
        "r": 0.26483940425646757,
        "p": 0.31415136766435425,
        "f": 0.27773633400847464
    },
    "eval_rouge-2": {
        "r": 0.10757072629506115,
        "p": 0.12510743070387384,
        "f": 0.11150014475942079
    },
    "eval_rouge-l": {
        "r": 0.2356630728564142,
        "p": 0.28027125264957514,
        "f": 0.24725251604943327
    }
}