{"eval_rouge-1": {"r": 0.24093252130941104, "p": 0.3005546405041864, "f": 0.25554413356764527}, "eval_rouge-2": {"r": 0.09643220789007169, "p": 0.11628407991946828, "f": 0.1003833377985474}, "eval_rouge-l": {"r": 0.2163561805077696, "p": 0.2706500995479245, "f": 0.2295742328568315}}