{
    "eval_rouge-1": {
        "r": 0.2744745743786227,
        "p": 0.3197824310509347,
        "f": 0.2858985422402286
    },
    "eval_rouge-2": {
        "r": 0.11240015158829637,
        "p": 0.12905348209229425,
        "f": 0.11599754915581185
    },
    "eval_rouge-l": {
        "r": 0.2448005992880318,
        "p": 0.28531831124145385,
        "f": 0.25487737619910583
    }
}