{"eval_rouge-1": {"r": 0.26152107896343585, "p": 0.31551885737690955, "f": 0.2762004939012407}, "eval_rouge-2": {"r": 0.10571100655730369, "p": 0.12442388198680678, "f": 0.11010665114121657}, "eval_rouge-l": {"r": 0.23280880417518912, "p": 0.2810293894673153, "f": 0.24576303067271293}}