{
    "eval_rouge-1": {
        "r": 0.2793078814483608,
        "p": 0.3183649931936367,
        "f": 0.2882744219383505
    },
    "eval_rouge-2": {
        "r": 0.11458394316382794,
        "p": 0.1277792003197049,
        "f": 0.1167826169101834
    },
    "eval_rouge-l": {
        "r": 0.24772163910332276,
        "p": 0.2826059712538154,
        "f": 0.2556312035291779
    }
}