{
    "eval_rouge-1": {
        "r": 0.2555354644326871,
        "p": 0.3119914683738315,
        "f": 0.2708603910566488
    },
    "eval_rouge-2": {
        "r": 0.10289675861996378,
        "p": 0.12261919112669264,
        "f": 0.10765635542119706
    },
    "eval_rouge-l": {
        "r": 0.22858560966173805,
        "p": 0.27950863391245884,
        "f": 0.24230738165415733
    }
}