{
    "eval_rouge-1": {
        "r": 0.2704274086214794,
        "p": 0.31930968899522866,
        "f": 0.28290193609687375
    },
    "eval_rouge-2": {
        "r": 0.11201663105772552,
        "p": 0.12947661948797823,
        "f": 0.11575744984572774
    },
    "eval_rouge-l": {
        "r": 0.24099742072121652,
        "p": 0.285237214897754,
        "f": 0.2521919049554535
    }
}