{"eval_rouge-1": {"r": 0.24452360052123037, "p": 0.3121876457520483, "f": 0.26372172080134204}, "eval_rouge-2": {"r": 0.0983185799948912, "p": 0.12249704005094007, "f": 0.10477872583895004}, "eval_rouge-l": {"r": 0.21865924745247353, "p": 0.2797969572756659, "f": 0.23588198244092165}}