{
    "eval_rouge-1": {
        "r": 0.17491444553210958,
        "p": 0.30659024344059166,
        "f": 0.21017443874993968
    },
    "eval_rouge-2": {
        "r": 0.06605963633801533,
        "p": 0.11970946588624735,
        "f": 0.07943832179624159
    },
    "eval_rouge-l": {
        "r": 0.1601286267468273,
        "p": 0.2815205305914063,
        "f": 0.19250356942233302
    }
}