{
    "eval_rouge-1": {
        "r": 0.27290616401877943,
        "p": 0.3239407857513109,
        "f": 0.28641661975356447
    },
    "eval_rouge-2": {
        "r": 0.11184086007921211,
        "p": 0.12999110400119154,
        "f": 0.1160361371303212
    },
    "eval_rouge-l": {
        "r": 0.24316955484093317,
        "p": 0.2890707403195178,
        "f": 0.2552230355593129
    }
}